player_id,proj_season_id,proj_pts,proj_oreb,proj_dreb,proj_ast,player_name
201166.0,2018-19,3.3777924727856026,0.11558983085361987,0.6999763008690227,1.313769213272401,Aaron Brooks
203932.0,2018-19,15.61430614895098,1.585913645436975,5.3770748319107655,2.1702046726318174,Aaron Gordon
201143.0,2018-19,11.723766664177543,1.1608185166886127,4.933196637015603,4.3413799162757005,Al Horford
2744.0,2018-19,6.305890282741431,0.6237754751883146,2.316368950798974,0.8479910310719483,Al Jefferson
202329.0,2018-19,9.557652372996854,1.2324687025476408,4.541128844491793,1.3942846418823303,Al-Farouq Aminu
202692.0,2018-19,6.932570982332662,0.3661435268833024,2.142765793820536,1.2170140654463575,Alec Burks
203518.0,2018-19,6.556195115144011,0.4713478060262917,1.7146656516169367,0.9207854556897295,Alex Abrines
203458.0,2018-19,8.352896162065043,1.9912116265965327,4.875881748418712,0.93717645940046,Alex Len
1627816.0,2018-19,1.80958069150152,0.4563408979322134,0.991380752209938,0.08328311773145278,Alex Poythress
203459.0,2018-19,10.251370289465155,0.4157895938709716,2.670863301397774,1.592699447782546,Allen Crabbe
101161.0,2018-19,4.4036732593787,1.3194733298886443,2.5990089197124764,1.3367305499841378,Amir Johnson
203083.0,2018-19,14.520665352442244,3.831766998702715,8.843134096302103,1.8783327407628398,Andre Drummond
2738.0,2018-19,6.327121285603432,0.5910918385625635,2.4773074012639453,3.1003951667788217,Andre Iguodala
203460.0,2018-19,5.073452115245614,1.5463353925692271,2.6236492475946984,1.281378829479509,Andre Roberson
101106.0,2018-19,3.0255376255867943,1.3069732010640467,2.5174915494574535,0.9905787984620668,Andrew Bogut
1626150.0,2018-19,9.028296928407933,0.34220996822559363,1.7559190335613901,3.01246657487733,Andrew Harrison
203952.0,2018-19,16.331719565418894,0.8745025776924641,3.1898992380511024,2.4504681640566424,Andrew Wiggins
203076.0,2018-19,24.10280317947434,2.5688841289076922,7.685345059340717,2.624315122825575,Anthony Davis
201229.0,2018-19,9.178701419873633,0.7168757931115096,2.4730464717587086,1.4370063868842153,Anthony Tolliver
203382.0,2018-19,5.740650502147197,1.4018206085706504,3.1570176651013635,0.955653054653404,Aron Baynes
201167.0,2018-19,5.740009335867289,0.291040656977238,1.4790494410471922,0.9919622913974966,Arron Afflalo
203085.0,2018-19,14.074848270571959,0.4659253803337042,1.9104662870599125,4.231779429108668,Austin Rivers
202340.0,2018-19,13.193190153257776,0.4091770633649769,2.365613038572844,2.2197728145058475,Avery Bradley
203463.0,2018-19,4.8760575611336785,0.48179923439827516,1.4698226389177333,0.7362854250028618,Ben McLemore
202687.0,2018-19,7.5646777674672325,1.6915453176817725,3.6379099528212504,1.0112360727766179,Bismack Biyombo
201933.0,2018-19,18.38216073002305,1.3521614438004825,4.9702803865638385,5.21272934793284,Blake Griffin
1626246.0,2018-19,3.1819595599168706,0.7131396062257157,1.9322225387493834,0.39844899600156714,Boban Marjanovic
201628.0,2018-19,2.2782794661062087,0.11474635409516386,0.5364019322444085,1.0058244854308311,Bobby Brown
1626171.0,2018-19,13.026469046025124,1.929615647463624,4.713681888238603,1.6391040293516714,Bobby Portis
202711.0,2018-19,10.396954512483761,0.4175289002812584,2.3732638081213704,1.3825353053558262,Bojan Bogdanovic
203078.0,2018-19,19.192970926647973,0.7558289720652174,2.9118236522411616,4.421748406323608,Bradley Beal
201148.0,2018-19,5.692548506047588,1.1495099803525028,2.743805462637803,0.7856384614611783,Brandan Wright
1627742.0,2018-19,15.884029055391379,0.9091996827825888,3.8370295467866082,3.7008547137560077,Brandon Ingram
201943.0,2018-19,5.869777724609563,0.34262162881918634,1.4755492848182217,2.5872365537914113,Brandon Jennings
1627362.0,2018-19,4.29175191883109,0.4446610846581807,1.497010237930635,1.4693865787317941,Briante Weber
1627744.0,2018-19,2.749256198425658,0.7671395660862452,1.5310526747255166,0.2792562860419893,Brice Johnson
201572.0,2018-19,10.52915700009949,0.6697269761358443,2.71604700100365,1.7454686917764337,Brook Lopez
203998.0,2018-19,3.416878886263764,0.8657888387925391,1.5006308496422687,0.4523913600100642,Bruno Caboclo
1627854.0,2018-19,10.88209287665493,0.3654788766282183,1.6704558526251663,1.7460255956987083,Bryn Forbes
1627741.0,2018-19,10.487831063205546,0.553736823417455,2.689867440449397,1.7573811188062356,Buddy Hield
203468.0,2018-19,18.711793705984658,0.5681826447602684,2.8456708973461335,3.363665762816324,CJ McCollum
101139.0,2018-19,9.766591878402107,0.3123685587290734,2.187235725532368,1.1187277355040315,CJ Miles
1626166.0,2018-19,9.16855151855126,0.46577889430086006,2.02200380855201,4.874857788498531,Cameron Payne
1627747.0,2018-19,11.507250119755058,0.47425812528921857,2.60092141952539,3.892265975919366,Caris LeVert
2546.0,2018-19,16.261277535183165,0.9172006558902683,4.234997357869889,1.6570883009716684,Carmelo Anthony
202718.0,2018-19,7.737680520356027,0.33930942359644006,1.681266571362218,1.9364183456029849,Chandler Parsons
101112.0,2018-19,4.475145340101735,0.33041962635309374,1.5217367899739755,0.8830928142429391,Channing Frye
1627767.0,2018-19,4.003553034544465,0.7244303520616034,1.7930922689328597,0.49524817092052753,Cheick Diallo
1626191.0,2018-19,5.6634697314661056,0.4024553827935657,1.558282960727511,0.6341294256466223,Chris McCullough
101108.0,2018-19,18.300309754776393,0.7134487506065222,3.6348674067433184,8.12141767914726,Chris Paul
203991.0,2018-19,11.952454190847318,2.8638240095502296,5.960253805536777,1.3945945384468301,Clint Capela
203469.0,2018-19,5.842479341554899,1.3763628871812785,2.58481896180706,0.6854436129273601,Cody Zeller
202332.0,2018-19,4.4344156922847136,0.8896043496142061,2.033386659831309,0.22622010411109536,Cole Aldrich
201147.0,2018-19,5.659754355827862,0.6404590927577296,1.611676686854409,1.2056079544836997,Corey Brewer
202709.0,2018-19,7.323452764809671,0.33943070833867633,1.998560040067155,3.3342178714229638,Cory Joseph
201584.0,2018-19,10.765784690713986,0.6397798063535377,2.6763873322113034,2.7701195989396687,Courtney Lee
1626245.0,2018-19,5.056510594122268,1.0118226213535184,2.194116419555505,0.9679619373416567,Cristiano Felicio
1626156.0,2018-19,13.61580817337829,0.5477401393906347,2.6618343773824007,4.553999320142143,D'Angelo Russell
201571.0,2018-19,9.237648896904968,0.3861938012138064,1.7874193258963949,4.080436634560767,D.J. Augustin
1627745.0,2018-19,2.232671345387977,0.6523073534760748,1.1804485407364127,0.4861361793473116,Damian Jones
203081.0,2018-19,24.090240153970406,0.648071373180725,3.2488789680221193,6.666298660652821,Damian Lillard
201568.0,2018-19,13.069998567133938,0.4584901476177882,2.948896638851438,2.3936220034818367,Danilo Gallinari
201980.0,2018-19,8.51617257205201,0.4645327129408406,2.671529781238386,2.056080721292266,Danny Green
201967.0,2018-19,7.468954989839089,1.3757035506383564,3.1566294717040266,0.8711916403246406,Dante Cunningham
203957.0,2018-19,7.267901726381086,0.2724531084120464,1.383873323898931,2.915788702182441,Dante Exum
1627863.0,2018-19,5.295931314305086,0.45266579118953837,2.2484738518977685,1.092232247515373,Danuel House
203967.0,2018-19,14.984251871364947,1.5791061130874668,4.242788995091947,2.874210343915343,Dario Saric
201589.0,2018-19,4.737377846631504,0.4755225376061104,1.2059666399855222,0.9782359767442915,Darrell Arthur
201954.0,2018-19,12.649266448974942,0.510100498587813,2.179433096960584,4.86325469683716,Darren Collison
1626199.0,2018-19,2.821370346357293,0.04881275853570593,0.9071234487857643,1.1464382756071176,Darrun Hilliard
1628021.0,2018-19,7.39271541684818,1.3085253998175965,2.946151645581759,1.3378015542868804,David Nwaba
2561.0,2018-19,6.959946931617347,0.7950027457850563,2.172967696950888,2.002827823663407,David West
202722.0,2018-19,5.772361688375248,0.15101182699067328,1.1852093150320298,1.1338004754595312,Davis Bertans
201599.0,2018-19,11.913813495004481,4.017492293003736,9.932756229326186,1.2606432920708621,DeAndre Jordan
202732.0,2018-19,2.1364602252201736,0.15240797508289736,1.4448740520679095,0.8092887456506777,DeAndre Liggins
1627761.0,2018-19,6.189438229087245,0.42371635571893157,2.1587847105560867,2.045208368703199,DeAndre' Bembry
201942.0,2018-19,20.86989355334823,0.6610231784808429,2.721049794977802,5.3851650676574785,DeMar DeRozan
202326.0,2018-19,22.619844056140156,2.452208884109932,8.894610434089056,4.510705740578878,DeMarcus Cousins
201960.0,2018-19,11.854682953483756,1.3729644617127414,3.9912606486963487,1.824823784761846,DeMarre Carroll
1627749.0,2018-19,9.208835392073633,1.081857851339845,3.5815462725717686,2.791969083204877,Dejounte Murray
1626153.0,2018-19,8.590199653826698,0.4754011808643518,1.98812645798783,3.316589373133125,Delon Wright
203471.0,2018-19,17.279236495262662,0.5829696127414643,2.404517663659619,6.191380314472746,Dennis Schroder
1627756.0,2018-19,8.85193845493664,0.5983263033546617,3.003277474344534,2.9028256219612403,Denzel Valentine
202324.0,2018-19,10.476000901680354,1.9724213562404957,4.220071068103857,1.36810657406316,Derrick Favors
1627884.0,2018-19,3.4591257298102236,0.8157366492291883,1.4159292276612045,0.40961239681944644,Derrick Jones Jr.
201565.0,2018-19,7.742181878611378,0.3868129664525062,1.3265857777854555,1.7836989034264,Derrick Rose
1626164.0,2018-19,22.42378250863384,0.7102060828392339,3.045207240452484,4.82662711845166,Devin Booker
2734.0,2018-19,8.148660815081055,0.3107038017701597,1.4741945449022078,2.3692697417575848,Devin Harris
203473.0,2018-19,9.14002784123887,1.345918328882282,4.490952809982574,1.37735903710749,Dewayne Dedmon
1627738.0,2018-19,5.272461644539384,1.0709866935921613,2.4715845113155277,0.5958081298569092,Deyonta Davis
203079.0,2018-19,12.804604717571266,0.3411387219005439,1.7356799444363795,3.5066225794568644,Dion Waiters
1717.0,2018-19,10.397520319241977,0.5476897602825352,3.211024577617051,2.055917601807402,Dirk Nowitzki
1627734.0,2018-19,10.870108335905933,1.6934100101927936,4.497274252467144,1.8443078713427656,Domantas Sabonis
1627827.0,2018-19,5.758789958144532,0.7992673853167704,2.339877839423304,1.0353939336914348,Dorian Finney-Smith
203926.0,2018-19,6.9431803464173205,0.38316540215823347,1.6443706113083116,0.988912715672971,Doug McDermott
1627733.0,2018-19,6.195000435516461,0.4792273237100035,2.693332049857701,1.3610332123458961,Dragan Bender
203110.0,2018-19,11.990408264258827,1.022015698445886,5.319802374733026,8.404661043395409,Draymond Green
2730.0,2018-19,17.212137415976663,2.88701878163881,7.895914573849895,1.6692220682674757,Dwight Howard
203939.0,2018-19,7.424289276350093,1.497539701028278,3.5047269576969953,1.1607232498453859,Dwight Powell
2548.0,2018-19,12.003793062295975,0.5282675920224821,2.5025477842253694,3.583056624519636,Dwyane Wade
202734.0,2018-19,9.4615853208714,0.4455478806944757,2.0072613026988604,2.184843164975844,E'Twaun Moore
202334.0,2018-19,4.708048152935268,1.7587886772036065,3.487212937141338,0.5395143473472734,Ed Davis
203901.0,2018-19,11.380941582587182,0.7951092503906252,2.5768539126722088,5.813483094477135,Elfrid Payton
1626144.0,2018-19,6.912848709513717,0.35423048632258136,1.4316574587058208,1.9338931236648411,Emmanuel Mudiay
202683.0,2018-19,12.26819320994795,2.658595252194415,5.275412707215656,1.5374247546241946,Enes Kanter
202339.0,2018-19,16.941850585808133,0.5277453030074102,2.8825057537096357,5.020133157732767,Eric Bledsoe
201569.0,2018-19,15.587028897996777,0.33189504020678984,1.8259721458885185,2.3429545771104876,Eric Gordon
101141.0,2018-19,9.358686424787825,1.9851878330732695,3.8317885740102864,0.999713525366481,Ersan Ilyasova
203095.0,2018-19,16.900866255490868,0.41223891845164495,2.480938229451012,3.0609861557113507,Evan Fournier
202323.0,2018-19,5.386142095318729,0.2683653192512153,1.5209176894484648,1.619429529500016,Evan Turner
1626163.0,2018-19,7.422346722308698,0.5570902968890352,2.1194726152005043,1.40645675735292,Frank Kaminsky
1627832.0,2018-19,7.819146438884447,0.3769585514354597,1.9331682350782853,3.344703055631078,Fred VanVleet
202066.0,2018-19,8.05834707852299,0.3149572502083418,1.6510061431784144,1.770300733931529,Garrett Temple
203914.0,2018-19,17.10817974382585,0.5225859262688456,2.0955313851846964,3.303659636813553,Gary Harris
1627780.0,2018-19,6.205237744165931,0.665442473651136,1.8475666569289872,1.0924646539579985,Gary Payton II
201588.0,2018-19,7.608413016572738,0.32116683213928243,1.7036910543412767,2.445062249231266,George Hill
1627834.0,2018-19,2.1655380348531277,0.8326255654526602,1.4905560378331253,0.4902210350284328,Georgios Papagiannis
101123.0,2018-19,9.221666013507765,0.38636985633534604,2.081513234572801,0.8136489406047691,Gerald Green
203507.0,2018-19,25.03230899780685,2.043870283592021,7.161049856968046,4.435946941547709,Giannis Antetokounmpo
203922.0,2018-19,4.916732067493993,0.3579032871721375,1.2106186540853419,0.849535483450774,Glenn Robinson III
201609.0,2018-19,15.9978155568773,0.5682835729435755,3.081147670362955,4.9984893002108235,Goran Dragic
203476.0,2018-19,6.701844769979084,1.381331905021982,3.420451557727561,0.9381596945874308,Gorgui Dieng
202328.0,2018-19,9.213099867197162,1.9270493469348529,3.944777585204586,1.773807757748343,Greg Monroe
203084.0,2018-19,18.12958304924692,1.0653392868776557,4.38209309220034,2.302765265986931,Harrison Barnes
202355.0,2018-19,12.190962834213734,2.878134839227481,6.760517664291927,1.6210471368082306,Hassan Whiteside
1627740.0,2018-19,3.420387481238287,0.4700050523426334,1.8009865733651635,0.533138921163135,Henry Ellenson
203546.0,2018-19,5.8697530543137475,0.22924557860893785,1.3050408958756485,1.9851574342263074,Ian Clark
101133.0,2018-19,6.725224728124758,1.634410061299937,2.836440613092768,0.8356157029201061,Ian Mahinmi
202697.0,2018-19,4.9108232384691215,0.4136047388169866,1.818447932732081,1.1974717327395017,Iman Shumpert
203477.0,2018-19,7.591716470826937,0.2849434593132739,1.7911887280155863,3.510299835176897,Isaiah Canaan
1627819.0,2018-19,6.010897520720539,0.24048900953967764,1.282590373619806,3.037086119636305,Isaiah Taylor
202738.0,2018-19,13.470361836769143,0.4638567405517163,2.180479776907457,4.696955987336732,Isaiah Thomas
1627785.0,2018-19,6.526626239187563,0.3314319699789786,1.4644234804902114,1.6727657046086517,Isaiah Whitehead
202397.0,2018-19,10.194944382063627,0.40612710667079405,2.0412755655468144,3.957410250084003,Ish Smith
1627826.0,2018-19,5.4459649903388065,1.177238869757927,2.2759200547769884,0.7693231558102046,Ivica Zubac
200826.0,2018-19,9.761810633256031,0.4324846566470559,2.182403089670952,4.841548353117618,J.J. Barea
200755.0,2018-19,14.749592848064042,0.3875003184066015,2.030988114572216,3.2216375704272537,JJ Redick
2747.0,2018-19,8.096837825994157,0.4559588274832827,2.08515516673683,1.948711063471664,JR Smith
203210.0,2018-19,9.350052105486316,2.075811281964722,4.478329703821672,1.26368773555476,JaMychal Green
201580.0,2018-19,4.886960404941801,0.9133813488773868,2.1388226195496625,0.613325876684265,JaVale McGee
203953.0,2018-19,12.15951232938085,0.9873700827758335,3.3482462186688458,1.6374973331148173,Jabari Parker
203109.0,2018-19,7.287200984890592,0.6278069210133441,2.2626556217255374,1.1916047838775006,Jae Crowder
1626143.0,2018-19,6.833283419867596,0.7766491845705381,2.3655749631329637,0.7998074927258141,Jahlil Okafor
1627774.0,2018-19,2.014217051189874,0.382409554696505,0.7228691426644843,0.6256747946654796,Jake Layman
1627751.0,2018-19,7.705152447928545,1.7416157449624559,3.180478131631516,0.9176769069721974,Jakob Poeltl
2037.0,2018-19,7.722433513133334,0.2660915729935823,1.040896297263057,2.499178845000893,Jamal Crawford
1627750.0,2018-19,17.611339916855208,0.9549145981548202,2.871292408229364,3.469257684781854,Jamal Murray
2749.0,2018-19,3.666132626378402,0.20725929414592173,1.0995971083341691,2.5406456154243484,Jameer Nelson
203516.0,2018-19,6.187432643786345,0.802256230632166,2.0054042860665873,0.7613099206175772,James Ennis III
201935.0,2018-19,27.673063740947047,1.0371063783058287,4.587958248864229,7.844823653778099,James Harden
201949.0,2018-19,9.189251695516337,0.5966983063261742,3.156659849799146,3.487750792833802,James Johnson
201162.0,2018-19,3.493005484047047,0.2546938521728709,1.1510878630339567,1.7830886229943383,Jared Dudley
1626185.0,2018-19,7.785759808860411,1.2240911004962445,2.9227220509114007,1.0929881496541514,Jarell Martin
101127.0,2018-19,6.23286173145307,0.3337008886008129,1.851068228625894,3.959607274305499,Jarrett Jack
201160.0,2018-19,4.378082311590164,0.7123468798136898,1.324889444052616,0.605395827811949,Jason Smith
1891.0,2018-19,6.098826080223873,0.21167179735643568,1.2016022042889338,2.662975492083506,Jason Terry
1627759.0,2018-19,13.283074682068673,0.9307669125117725,4.4452733580270545,1.7185373543692617,Jaylen Brown
201145.0,2018-19,11.069119065756437,0.8557261383820339,2.572239714958518,1.7059616800593378,Jeff Green
201952.0,2018-19,12.00175070116321,0.3783969668173295,2.1522740653156753,5.913719877487896,Jeff Teague
203924.0,2018-19,8.281614883248261,1.0910317169955026,3.1901023010770526,1.0319727954120526,Jerami Grant
203087.0,2018-19,10.000841214160417,0.5493483268290397,2.77488479206364,1.858104113341715,Jeremy Lamb
1626170.0,2018-19,10.466884445326455,0.3495275436478212,1.9614219251841614,4.381998064943065,Jerian Grant
201573.0,2018-19,7.24131433002456,0.49842001420163407,1.5547409519372966,1.5888330210412294,Jerryd Bayless
202710.0,2018-19,19.376517303040995,1.0324094658729215,3.4331592922266783,4.340906239531921,Jimmy Butler
201975.0,2018-19,11.209808067465692,0.42132046950754365,1.9919184206726723,1.9359452376790154,Jodie Meeks
203925.0,2018-19,8.116887389418508,0.6042308459291681,2.2776742893355904,1.5717186850940594,Joe Harris
204060.0,2018-19,12.441469387731823,0.40323899842019434,2.8228171568130977,4.7213428675145055,Joe Ingles
2207.0,2018-19,7.885023161961506,0.5638583643645989,2.8069656628016713,1.415418537427634,Joe Johnson
1626202.0,2018-19,4.760588865859582,0.18397314262282002,1.1355787041099692,1.553844838869853,Joe Young
203954.0,2018-19,21.311580381967406,2.404942925350257,7.276543583456698,3.085201462523165,Joel Embiid
203530.0,2018-19,4.7128416157091815,1.070410116386868,2.130915998243129,0.7058731895514645,Joffrey Lauvergne
203089.0,2018-19,8.286655569177627,1.734341591717035,3.615587669391869,1.4680110306236622,John Henson
202322.0,2018-19,16.59636669587248,0.5400927180289542,3.095646637712709,9.203477692720867,John Wall
203948.0,2018-19,7.129244712380624,0.8657301296066806,2.8149323392040073,0.7747150748561881,Johnny O'Bryant III
201973.0,2018-19,6.466479885636557,0.670371260934676,2.45319630663819,0.8752090723383738,Jonas Jerebko
202685.0,2018-19,10.472914610256842,2.4717830162161016,4.788271765054815,1.1811276647887652,Jonas Valanciunas
203613.0,2018-19,14.477170125220786,0.7713363860414256,2.6468875041170032,2.7376544162386,Jonathon Simmons
203903.0,2018-19,11.6307702023485,0.5136255496508925,1.9038699218580168,2.436414784417636,Jordan Clarkson
1626175.0,2018-19,4.438537554063753,1.0679733284204895,2.4514711308056,0.4872284862108142,Jordan Mickey
101181.0,2018-19,4.367220937510443,0.22716643506706594,1.3217353467344366,3.192044352258197,Jose Calderon
203962.0,2018-19,4.403476359847101,1.355697911029806,2.5758617059688302,0.5666283191662198,Josh Huestis
1626196.0,2018-19,15.064869965102012,0.8508921901109193,2.7865517791168037,3.6173301925497383,Josh Richardson
201950.0,2018-19,16.453943308891503,0.5618136530977934,2.6017959452448296,5.559484212035567,Jrue Holiday
1627823.0,2018-19,3.693193751628941,0.8929509567268542,1.7578540521312482,0.6186560748696855,Juan Hernangomez
203944.0,2018-19,15.285702076484013,2.0743698730806313,5.716198692957092,3.020797841697084,Julius Randle
1626147.0,2018-19,6.1504761847975145,0.7006933688691174,1.8203257791354635,0.862143964734503,Justin Anderson
203200.0,2018-19,9.08803431258444,0.31840242599761526,2.814649493081383,1.8105704456911438,Justin Holiday
1626159.0,2018-19,7.443556824989091,0.7964484613188941,3.446264603547193,2.062984978784532,Justise Winslow
203994.0,2018-19,12.948022382867482,2.121457391662503,5.267755693120043,1.5024214348432976,Jusuf Nurkic
1626157.0,2018-19,20.426061156672585,2.8484240426437784,7.737717271686996,2.8161157888259845,Karl-Anthony Towns
1627770.0,2018-19,6.459542858333373,0.31250823663676963,1.5038076011878443,2.831150915742248,Kay Felder
203482.0,2018-19,12.44600094885482,1.1864077035127734,4.003796251611462,2.293339365633131,Kelly Olynyk
1626162.0,2018-19,9.093348999280652,0.6683373794751205,3.063370784570792,1.3110725849316758,Kelly Oubre Jr.
202689.0,2018-19,20.35989849613183,0.453920427832358,2.6670102340958484,5.75948712243206,Kemba Walker
202702.0,2018-19,4.455852233997147,1.4803326307530589,2.414341485244943,0.5195563171182283,Kenneth Faried
203145.0,2018-19,12.3491703698617,0.5686272802789907,2.6272862683473637,3.3028569120729014,Kent Bazemore
203484.0,2018-19,11.216388256976613,0.756777403998079,4.031744584280656,2.2621010001093924,Kentavious Caldwell-Pope
201142.0,2018-19,25.116873821754798,0.8863115697495574,5.272859142798401,5.40658595640232,Kevin Durant
201567.0,2018-19,15.818361207491392,1.6166040967070285,6.356973738956119,2.0516004247784876,Kevin Love
1626172.0,2018-19,3.7671112460859084,1.0993952136441743,1.8458129936213412,0.59476782837841,Kevon Looney
203114.0,2018-19,20.74075108805425,0.7309963615240462,4.003688964012946,4.530101243161719,Khris Middleton
202691.0,2018-19,18.125058778547753,0.4708933694867008,2.8803172257838208,2.60415089734287,Klay Thompson
201585.0,2018-19,10.502476774622197,2.2219089003945247,5.190668020838638,1.2814905944743498,Kosta Koufos
1627739.0,2018-19,14.718850881304377,0.5652868316323609,2.918460135616409,6.159299873815961,Kris Dunn
204001.0,2018-19,18.743079139566838,1.3007423834311784,4.469400314136618,2.2462344005036012,Kristaps Porzingis
203937.0,2018-19,6.519719149534821,0.7583458128585174,2.9516934298243793,2.2152847651838234,Kyle Anderson
2594.0,2018-19,6.7009584175912495,0.3083375200539089,1.6401439233445714,1.0969681601364762,Kyle Korver
200768.0,2018-19,15.834231857297402,0.7157035346826939,3.7331337862983145,5.890560596710692,Kyle Lowry
203124.0,2018-19,7.023826613739671,1.5411943914311719,3.789261281114199,1.8371501678462352,Kyle O'Quinn
202713.0,2018-19,7.070301825799409,0.24105740796171474,2.3146222089188466,2.3304833283445676,Kyle Singler
202681.0,2018-19,21.881006379347685,0.6344004304433681,2.9846001156505637,5.516276932390112,Kyrie Irving
200746.0,2018-19,20.133819895552985,2.4436162632735092,6.183868143633082,2.1362504191788347,LaMarcus Aldridge
202362.0,2018-19,6.369173223244233,0.5099887827987628,2.4362269421777403,2.049020740835322,Lance Stephenson
202498.0,2018-19,4.510845026695388,0.7779458250990335,2.059948473313808,0.9264382783143933,Lance Thomas
204038.0,2018-19,11.125652296318876,0.3373314815102568,2.0163006355739337,2.1209887382060706,Langston Galloway
1626204.0,2018-19,6.645827558139192,1.7961969527728032,4.193995330876108,0.7531843273175995,Larry Nance Jr.
2544.0,2018-19,27.62498521252939,1.0797280602021075,6.057405196473523,8.213188365687426,LeBron James
101150.0,2018-19,22.64944292569611,0.5820658268507831,2.630412027728577,5.581317398160034,Lou Williams
201601.0,2018-19,6.678121934459617,0.4304302296116775,2.0345725920391065,1.142815759137172,Luc Mbah a Moute
203512.0,2018-19,2.4752082475665538,0.37807114777337947,0.9897644320172136,0.27529659299300574,Lucas Nogueira
202337.0,2018-19,4.193074253620564,0.2523496094574424,1.4513352770953225,0.7123758437947085,Luke Babbitt
1627781.0,2018-19,3.7238261196659113,0.35836411070355506,1.3680378559072137,0.5406078414325752,Malachi Richardson
1627763.0,2018-19,10.877111885543897,0.46691313082440034,2.3887197323508453,3.33473828077796,Malcolm Brogdon
1627098.0,2018-19,7.515213155687055,0.2959674320559996,1.925303681140243,3.697082716895294,Malcolm Delaney
1627736.0,2018-19,6.691040897041688,0.3691438464136131,1.976803595228318,1.191939905506151,Malik Beasley
1938.0,2018-19,6.735522329809362,0.3180939133169086,1.7131156152020366,2.4209033312464876,Manu Ginobili
201188.0,2018-19,16.317590899734306,1.1590774749088018,5.547924198261482,3.900297742472667,Marc Gasol
101162.0,2018-19,6.913797786870592,1.8701529781576705,3.806691271112449,1.0705771198385234,Marcin Gortat
201158.0,2018-19,9.874391640540255,0.306923022298862,1.674087020559828,1.8761885510391942,Marco Belinelli
1627875.0,2018-19,4.884009990057872,0.6895778216694943,1.709603607495318,1.0213362299908184,Marcus Georges-Hunt
202694.0,2018-19,12.986259814377743,0.7600918607581417,3.841163354509733,1.5337635473300195,Marcus Morris
203935.0,2018-19,9.275753907102837,0.44254444263305487,1.9624651137684481,4.234699466991076,Marcus Smart
1626209.0,2018-19,9.12216878169202,0.5215174297714038,2.6276059075729044,1.4830128088744388,Mario Hezonja
202693.0,2018-19,12.250354906620645,1.269874855560732,4.23392632584177,2.326623525659232,Markieff Morris
1627737.0,2018-19,7.798898285524466,0.8126847615241743,3.7207795688309218,1.1711485440838396,Marquese Chriss
201578.0,2018-19,8.345583021545782,0.5010456466324623,2.074128735794197,1.0502987811738538,Marreese Speights
101107.0,2018-19,10.23366557900446,1.013888800066193,3.4803799542118963,1.3504196798773922,Marvin Williams
203486.0,2018-19,8.142618803954395,1.8500742543278594,3.5998789130546296,1.6207273537033478,Mason Plumlee
203521.0,2018-19,3.5295025989887594,0.27290649547265294,0.9172212376469032,2.3670090379151145,Matthew Dellavedova
203090.0,2018-19,6.8289347035180645,0.7870233326474628,2.188777626623213,1.1681640025818487,Maurice Harkless
203086.0,2018-19,4.690988788068527,0.5324972016370151,1.5910756743331445,0.622291665864397,Meyers Leonard
201563.0,2018-19,12.282796770718448,1.2080601914523947,3.8331929426107956,1.6458802811839675,Michael Beasley
203487.0,2018-19,2.8138311439749026,0.28360135579190054,1.0546536457639666,1.3202682053726404,Michael Carter-Williams
203077.0,2018-19,9.186230396480385,0.8895666431031121,2.6131857031822787,0.996697535328979,Michael Kidd-Gilchrist
201144.0,2018-19,14.78694902458581,0.3401614905359481,2.112568540251573,3.6970359318478283,Mike Conley
203488.0,2018-19,8.063056040310592,1.1253762619460363,3.0558312948548783,1.2060649628626978,Mike Muscala
203118.0,2018-19,8.464453425878238,0.7961492002502399,2.372004407256722,1.3729725637600623,Mike Scott
203101.0,2018-19,2.929926201747474,0.8334320372625784,1.6589932787933406,0.7482540749740001,Miles Plumlee
1626149.0,2018-19,8.441172976026229,1.1780383011539175,2.342935151981046,1.0984858754252818,Montrezl Harrell
1626167.0,2018-19,11.749215284655492,1.1383620144006892,4.902292782590113,1.5650610925418702,Myles Turner
202357.0,2018-19,7.477237507957418,1.0408187346127409,3.1824069559379704,1.6567935847840765,Nemanja Bjelica
2403.0,2018-19,7.123090117853607,1.042836825428279,2.652764252983427,1.0587688096157974,Nene
203457.0,2018-19,4.519538375672875,1.3400607487045284,2.8869565711144243,0.787977661749016,Nerlens Noel
2555.0,2018-19,3.4019975050231728,0.6224762049765401,1.5248172296625182,0.331910375735493,Nick Collison
201156.0,2018-19,7.849366743896818,0.28043994969322467,1.4573664851389891,0.830596013716164,Nick Young
201587.0,2018-19,11.130287972572534,0.7438279272978949,2.7118362688145656,4.831199860337182,Nicolas Batum
203917.0,2018-19,6.865709557044025,0.304298937480549,1.9967043976187981,1.2528384178442102,Nik Stauskas
203999.0,2018-19,17.34663195254146,2.0972751796503095,6.899613775000442,4.023199834836583,Nikola Jokic
202703.0,2018-19,14.855661156002599,1.1531690340819702,5.121245297397411,1.7776554188357891,Nikola Mirotic
202696.0,2018-19,14.44034287754832,1.904582409281539,6.02699852865139,2.7018560272188,Nikola Vucevic
203943.0,2018-19,5.56712648278153,1.5593706446610733,3.6435790296702413,0.750961899219736,Noah Vonleh
1626181.0,2018-19,5.87306433489368,0.3442653438978047,1.082153708371997,1.3505078351759527,Norman Powell
201600.0,2018-19,2.6190874811973934,0.37094546029918374,1.8259423773374952,0.49036491907262914,Omer Asik
201956.0,2018-19,5.736568172648143,0.7048301383955865,2.6485820554809987,1.0187877117852466,Omri Casspi
203490.0,2018-19,13.231015035349923,1.143150944920414,3.6181584361195154,1.9755499271232115,Otto Porter Jr.
200782.0,2018-19,6.262689330930925,1.0293799857419512,3.1110410037411484,1.4215727668077691,PJ Tucker
1627783.0,2018-19,8.346521185372668,1.0178617607361733,3.0243435911696968,2.02694463037038,Pascal Siakam
1626192.0,2018-19,4.5586989937465265,0.20216531520874592,1.2156340345885748,0.99232035110296,Pat Connaughton
201976.0,2018-19,12.500133022849477,1.0909562773205705,3.0066855558054275,2.773810841526447,Patrick Beverley
1627775.0,2018-19,6.125782413207619,0.39338925249908596,1.6467045778154896,3.18293156381505,Patrick McCaw
202335.0,2018-19,4.691762948739915,0.5782567317123206,1.8098271989271595,0.7430306018703987,Patrick Patterson
201988.0,2018-19,9.60987584095258,0.33784093520091457,1.6464916999533115,3.4332415692640366,Patty Mills
2200.0,2018-19,10.023189196566376,1.5244352058394264,4.780212168855509,2.691321466687891,Pau Gasol
202331.0,2018-19,19.925487171733597,0.9071727245469768,4.174155407557155,3.583158139535342,Paul George
200794.0,2018-19,13.564716628044234,1.4269307727479963,4.13138996982678,2.6498520697383836,Paul Millsap
1627835.0,2018-19,3.644931180390764,0.3198461258537119,1.581911116868962,0.8004777742820622,Paul Zipser
203112.0,2018-19,6.248616977155926,0.6636832266425966,2.7187785767021313,0.9629386700161506,Quincy Acy
1626188.0,2018-19,5.878902590382195,0.25429586429644613,1.5501265614172026,2.29143696612023,Quinn Cook
200765.0,2018-19,8.290522090928713,0.6209968270385705,3.0420615311097636,7.126074256025346,Rajon Rondo
201196.0,2018-19,5.723874936369537,0.31266044359805156,1.3514325959150477,3.2161349745443983,Ramon Sessions
1626173.0,2018-19,5.076398873672263,0.15175629384537453,1.0799718508629057,0.9457904107430803,Rashad Vaughn
203526.0,2018-19,6.976262714114434,0.2735556828385572,1.5835228893139317,3.3018889836219802,Raul Neto
101109.0,2018-19,5.83064517161933,0.20900744084079415,1.3334348822840223,2.4096770493711155,Raymond Felton
203493.0,2018-19,8.955796395513985,0.3707911921351872,1.7098553887611743,1.1429041039279797,Reggie Bullock
202704.0,2018-19,13.108141522643121,0.5207073299823195,2.2247923579136843,5.543978738822621,Reggie Jackson
2210.0,2018-19,2.918985995737215,0.23974725962265192,1.097817506165803,1.4125294456230921,Richard Jefferson
1626158.0,2018-19,5.939734216372699,0.9543574285705111,2.236665957498106,1.134691177167406,Richaun Holmes
201937.0,2018-19,12.713516955415347,0.6340667323472763,2.9563039065466383,5.403053420286919,Ricky Rubio
203496.0,2018-19,11.445170584079559,0.8485262380161771,3.8621563727846198,2.517729521736661,Robert Covington
201577.0,2018-19,10.152575496943133,1.6375569998606025,2.6673349879980006,1.6031674018608166,Robin Lopez
203918.0,2018-19,13.516206907724197,0.5451542891691972,2.353150031576674,1.8907950592205158,Rodney Hood
203585.0,2018-19,5.025704820025483,0.61326791792917,1.6494313124186555,1.296107272517167,Rodney McGruder
1627758.0,2018-19,3.4631762941861073,0.31300605658818603,1.2182785815463877,2.133334495887867,Ron Baker
1626178.0,2018-19,11.247021456019585,1.3276090668373928,3.9527809461790033,2.343287674418572,Rondae Hollis-Jefferson
200752.0,2018-19,11.642805605764693,1.0820964017395105,3.799581770244978,1.3822501947192594,Rudy Gay
203497.0,2018-19,12.275396343536558,2.6089244926173945,6.3770122471451645,1.6049180366982125,Rudy Gobert
201566.0,2018-19,24.5204341979568,1.2425321007567716,6.177470605147296,9.668850866282504,Russell Westbrook
201583.0,2018-19,9.158925868530336,1.5639639455229588,3.2364384788138243,1.0984075422106137,Ryan Anderson
1626257.0,2018-19,2.915141466813636,1.0405074290862186,2.0806711049701088,0.6141970964202909,Salah Mejri
1626155.0,2018-19,4.479317490418552,0.7648154308287763,1.979262675771748,0.6258187633477987,Sam Dekker
203930.0,2018-19,10.438193778571215,0.3847121464379514,2.1301016137409157,1.8209906431233656,Sean Kilpatrick
201586.0,2018-19,10.576493298988481,1.0479025880590462,4.152530166373324,1.244261492134131,Serge Ibaka
203498.0,2018-19,6.369446787126924,0.593338853784418,2.1168646281985746,0.896420520035469,Shabazz Muhammad
203894.0,2018-19,8.376732313631246,0.379027701276442,1.7211202832860895,1.682216953847004,Shabazz Napier
2733.0,2018-19,5.283451814250581,0.3073771948425584,1.2011562666302067,2.0091695614400362,Shaun Livingston
202714.0,2018-19,6.127193921600494,0.3203427365623944,1.7070830529808272,3.4217408257174946,Shelvin Mack
1627746.0,2018-19,8.447026285458513,1.3837919929587879,3.0136403112940955,1.1532005429511623,Skal Labissiere
203524.0,2018-19,4.041193704565736,0.7516978359954494,1.729847040811153,1.2666580957207907,Solomon Hill
203915.0,2018-19,10.514907920633354,0.40885310341879827,2.03702084428144,5.344961786401257,Spencer Dinwiddie
1626169.0,2018-19,8.900472589853347,0.4959775333673553,2.5665703604477907,1.775090962168362,Stanley Johnson
201939.0,2018-19,25.455082095533292,0.7045947638454887,3.883641093287083,6.253935065250826,Stephen Curry
203500.0,2018-19,13.194639164385697,2.84623881199216,4.357268667034461,1.0710366712017871,Steven Adams
204456.0,2018-19,7.486343914640916,0.47093732539840344,2.243587537088599,5.148891350409035,T.J. McConnell
203933.0,2018-19,15.9224510417752,1.365097417360404,3.5061997640804092,1.573814595459877,TJ Warren
201959.0,2018-19,11.980468820507133,2.1558143610641776,4.488747055231319,1.7810554967500045,Taj Gibson
204028.0,2018-19,3.516082719048533,1.0782340754415431,2.133640707999967,0.3920699111779254,Tarik Black
1627752.0,2018-19,13.960157346519477,0.4899386054468965,3.257880488626657,2.982057324200855,Taurean Prince
203082.0,2018-19,9.23632329896364,0.5607870163123219,2.4267440741768778,1.7789952364482922,Terrence Ross
1626179.0,2018-19,9.9674860895893,0.7456247438417408,2.8410327837622518,2.2431867998050166,Terry Rozier
200757.0,2018-19,8.406898378943175,0.6681662079231493,2.9953276729263894,1.1199648354688385,Thabo Sefolosha
201152.0,2018-19,12.251810175540545,1.9081710647521295,4.275029924521887,1.5572095953821692,Thaddeus Young
1627748.0,2018-19,5.2644648490686965,1.0016857619539674,2.185749324620462,0.5574788991524676,Thon Maker
204025.0,2018-19,4.070566447740244,0.25885064833722554,1.2713323172921036,2.439451202551711,Tim Frazier
203501.0,2018-19,16.397155445094178,0.5052328900671639,2.8807221871427537,2.977700217169739,Tim Hardaway Jr.
202389.0,2018-19,4.616973870922502,0.9129507344548597,2.066526308688575,0.49660281285113855,Timofey Mozgov
1627789.0,2018-19,5.282173230101809,0.24820405781613192,1.547371057859698,1.0595195588413566,Timothe Luwawu-Cabarrot
202699.0,2018-19,17.042678965997858,0.6395344563355395,4.118135279217913,2.6334189050240195,Tobias Harris
203107.0,2018-19,8.125102927658688,0.6624691697369387,2.2154560111535195,4.0813729156018255,Tomas Satoransky
2754.0,2018-19,6.50433111777203,1.0365739650118018,1.8845726648765095,0.9788502983313818,Tony Allen
2225.0,2018-19,8.656524523962332,0.3206034791113471,1.7140639298954685,3.8901782371829,Tony Parker
203503.0,2018-19,7.194542752830739,0.32472314157087007,1.961618446626461,1.461861081616286,Tony Snell
1626203.0,2018-19,3.4,0.3,1.1,0.9,Treveon Graham
2772.0,2018-19,9.324897178856066,0.38406762008247763,2.948433877319087,1.820410714517219,Trevor Ariza
202344.0,2018-19,5.537974895914143,1.2857552000883399,2.7065826197071132,0.7711369440096464,Trevor Booker
203504.0,2018-19,9.96905628558319,0.3576736565084257,1.7480320021600835,3.7356804999248587,Trey Burke
1626168.0,2018-19,8.927195134505867,0.7742093878799201,2.992369776612252,1.3500417799449052,Trey Lyles
202684.0,2018-19,4.5741840635369915,1.7335725856137751,3.7390702584931246,0.5011160945541382,Tristan Thompson
203584.0,2018-19,9.960405422009034,0.3423686031051911,1.8674092942829075,1.28542462819538,Troy Daniels
1627786.0,2018-19,5.272784250444534,0.8550683335939818,2.109408561217907,0.6016998268783759,Troy Williams
203898.0,2018-19,4.122504079542492,0.2804633450336394,1.0527334851942698,1.450646021956894,Tyler Ennis
204020.0,2018-19,9.189691558965407,0.44921066112346975,2.3175839277666768,2.2005859075470946,Tyler Johnson
1627755.0,2018-19,8.37104031123362,0.3132121278704511,1.622403657335524,4.511665023285888,Tyler Ulis
203092.0,2018-19,7.9768793679247025,1.5831688483604007,3.3822521438068707,0.8970951068729806,Tyler Zeller
201936.0,2018-19,17.296068757427925,0.7950155020883203,3.577240570573164,5.3565768610247915,Tyreke Evans
2199.0,2018-19,5.673026822689967,2.19261420871819,4.5144175078736835,0.702718956368117,Tyson Chandler
1626145.0,2018-19,6.03734312118133,0.2729614021233244,1.484325661884135,2.530695645955805,Tyus Jones
203506.0,2018-19,19.446273934103118,0.6773996616342853,4.124747060218368,4.123415836864858,Victor Oladipo
1713.0,2018-19,6.83900687597782,0.4539005086316212,2.125429051691116,1.7425496257896367,Vince Carter
201961.0,2018-19,9.954155790362261,0.326139510134269,2.5136673727136993,1.2634390771316861,Wayne Ellington
1627782.0,2018-19,9.025604007808434,0.5043213416754234,1.639321383546383,1.9243298338053205,Wayne Selden
202325.0,2018-19,5.407113043664647,0.38633737657177125,2.169932080793397,1.0946628479275429,Wesley Johnson
202083.0,2018-19,11.150493214264054,0.44894175976795225,2.5312004058396043,3.0651566926775513,Wesley Matthews
203115.0,2018-19,14.517367667059329,0.8064409927163952,3.4174341865130997,3.4041996051976704,Will Barton
1626161.0,2018-19,12.046503817198612,1.4550956683066505,4.807287070006968,2.392392900467703,Willie Cauley-Stein
203186.0,2018-19,3.9484482286595366,1.0722300236760962,1.9860340489305828,0.31979360295179154,Willie Reed
1626195.0,2018-19,4.3209478905693395,1.1165603922928267,2.26683175590351,0.6975585644377641,Willy Hernangomez
201163.0,2018-19,7.655302081039374,0.9755092625307581,2.9004931633629245,1.4685953388968058,Wilson Chandler
1627812.0,2018-19,5.897710137283937,0.32462718472535745,1.4010835020037948,2.0042119070223947,Yogi Ferrell
203897.0,2018-19,15.2563181509411,0.507385488405855,2.992699045112913,2.8070576541485504,Zach LaVine
2216.0,2018-19,9.434537114240715,1.3779991181276938,3.5530712156486897,1.7972457559034427,Zach Randolph
2585.0,2018-19,5.179706223464377,1.3535673010586808,3.071353303376773,1.8121712328137427,Zaza Pachulia
